state_name,year,tmin,tmedian,tmean,tmax,state
Alabama,1998,9.1,18.2,18.8,28.1,AL
Alabama,1999,8.7,18.8,18.3,28.2,AL
Alabama,2000,4.2,17.2,17.9,28.1,AL
Alabama,2001,5.4,17.4,17.7,27.1,AL
Alabama,2002,7.7,19.9,18.0,27.4,AL
Alabama,2003,4.8,17.8,17.5,26.9,AL
Alabama,2004,7.0,18.6,17.8,26.8,AL
Alabama,2005,6.6,17.3,17.9,27.5,AL
Alabama,2006,8.0,18.6,18.3,28.5,AL
Alabama,2007,7.5,17.8,18.4,29.6,AL
Alabama,2008,6.4,17.2,17.6,27.2,AL
Alabama,2009,7.3,17.2,17.6,26.9,AL
Alabama,2010,4.6,18.3,17.5,28.8,AL
Alabama,2011,5.3,17.7,18.1,28.3,AL
Alabama,2012,10.3,18.5,18.7,28.1,AL
Arizona,1998,5.6,13.8,15.3,27.6,AZ
Arizona,1999,5.3,15.1,16.0,26.0,AZ
Arizona,2000,6.5,16.1,16.5,27.7,AZ
Arizona,2001,4.2,16.1,16.3,26.8,AZ
Arizona,2002,4.8,16.1,16.3,28.2,AZ
Arizona,2003,5.8,16.4,16.7,29.0,AZ
Arizona,2004,5.5,15.0,15.8,27.0,AZ
Arizona,2005,6.3,15.6,16.3,28.4,AZ
Arizona,2006,5.1,15.3,16.2,28.2,AZ
Arizona,2007,3.6,16.0,16.4,28.0,AZ
Arizona,2008,4.0,15.8,15.9,27.2,AZ
Arizona,2009,3.6,14.5,16.2,28.5,AZ
Arizona,2010,5.3,15.2,15.8,27.9,AZ
Arizona,2011,4.0,16.0,15.8,28.1,AZ
Arizona,2012,5.4,16.7,16.8,27.2,AZ
Arkansas,1998,6.7,16.7,17.5,29.1,AR
Arkansas,1999,6.0,17.3,17.0,27.9,AR
Arkansas,2000,-0.1,16.6,16.4,29.2,AR
Arkansas,2001,2.9,17.1,16.5,28.1,AR
Arkansas,2002,5.9,17.0,16.2,27.4,AR
Arkansas,2003,2.8,17.1,16.0,27.6,AR
Arkansas,2004,4.9,17.6,16.4,25.9,AR
Arkansas,2005,4.5,16.4,16.9,28.3,AR
Arkansas,2006,5.0,17.6,16.9,28.3,AR
Arkansas,2007,4.4,16.8,16.8,29.2,AR
Arkansas,2008,3.9,15.5,15.8,27.3,AR
Arkansas,2009,3.5,14.8,15.8,26.4,AR
Arkansas,2010,2.5,17.5,16.5,29.3,AR
Arkansas,2011,3.1,17.0,16.9,29.7,AR
Arkansas,2012,7.1,17.6,17.8,29.4,AR
California,1998,5.5,12.3,13.9,25.1,CA
California,1999,7.2,13.9,14.5,23.0,CA
California,2000,7.7,14.6,15.0,23.9,CA
California,2001,5.8,14.6,15.2,24.4,CA
California,2002,5.8,14.3,15.0,25.2,CA
California,2003,6.7,14.1,15.4,25.9,CA
California,2004,6.5,14.4,15.1,24.5,CA
California,2005,6.8,13.7,14.9,25.7,CA
California,2006,6.7,13.4,14.9,26.3,CA
California,2007,5.2,14.2,15.1,25.0,CA
California,2008,5.1,14.6,15.1,24.7,CA
California,2009,5.4,13.6,15.0,25.3,CA
California,2010,7.3,12.5,14.4,24.5,CA
California,2011,6.3,13.3,14.3,24.0,CA
California,2012,6.1,15.1,15.4,25.4,CA
Colorado,1998,-3.4,6.5,7.8,20.6,CO
Colorado,1999,-2.7,6.9,8.0,20.2,CO
Colorado,2000,-3.9,8.1,8.2,21.0,CO
Colorado,2001,-4.4,8.1,8.1,21.3,CO
Colorado,2002,-4.0,7.2,7.7,21.8,CO
Colorado,2003,-3.4,8.9,8.3,22.5,CO
Colorado,2004,-3.6,7.4,7.6,19.0,CO
Colorado,2005,-3.7,7.5,8.1,21.2,CO
Colorado,2006,-3.2,7.6,8.0,21.0,CO
Colorado,2007,-7.1,7.5,7.8,21.0,CO
Colorado,2008,-6.5,6.6,7.1,20.8,CO
Colorado,2009,-7.0,5.1,7.2,19.5,CO
Colorado,2010,-4.4,7.9,7.8,20.5,CO
Colorado,2011,-4.8,7.1,7.4,21.2,CO
Colorado,2012,-3.8,8.4,9.0,21.6,CO
Florida,1998,16.2,23.1,23.0,29.0,FL
Florida,1999,16.0,23.1,22.3,28.6,FL
Florida,2000,14.5,21.4,22.0,28.1,FL
Florida,2001,12.4,22.1,22.2,27.8,FL
Florida,2002,15.2,24.3,22.4,27.8,FL
Florida,2003,12.1,22.6,22.2,27.7,FL
Florida,2004,14.6,22.4,22.1,28.0,FL
Florida,2005,14.8,22.0,22.1,28.8,FL
Florida,2006,15.3,22.9,22.4,28.5,FL
Florida,2007,15.2,22.4,22.6,29.1,FL
Florida,2008,15.3,21.9,22.1,27.8,FL
Florida,2009,14.8,22.9,22.3,28.2,FL
Florida,2010,11.2,22.2,21.3,28.9,FL
Florida,2011,13.6,22.6,22.6,29.1,FL
Florida,2012,16.0,22.8,22.7,28.1,FL
Georgia,1998,10.1,18.5,19.2,28.3,GA
Georgia,1999,9.3,19.1,18.5,28.2,GA
Georgia,2000,5.3,17.2,17.9,27.6,GA
Georgia,2001,6.7,17.6,18.2,26.8,GA
Georgia,2002,8.1,20.5,18.5,27.6,GA
Georgia,2003,6.2,18.1,18.0,26.8,GA
Georgia,2004,7.7,18.8,18.3,27.2,GA
Georgia,2005,7.7,17.8,18.2,27.6,GA
Georgia,2006,9.0,18.7,18.6,28.1,GA
Georgia,2007,8.6,18.5,18.8,29.0,GA
Georgia,2008,7.6,17.4,18.1,27.0,GA
Georgia,2009,8.4,17.8,18.0,27.1,GA
Georgia,2010,5.0,18.7,17.8,28.5,GA
Georgia,2011,6.0,18.2,18.7,28.4,GA
Georgia,2012,10.5,18.8,19.1,28.3,GA
Hawaii,1998,21.0,22.4,22.6,24.5,HI
Hawaii,1999,20.9,22.8,22.6,24.2,HI
Hawaii,2000,20.7,23.1,22.9,24.8,HI
Hawaii,2001,21.2,23.1,23.1,25.0,HI
Hawaii,2002,20.6,23.3,23.1,25.0,HI
Hawaii,2003,21.1,23.4,23.3,25.2,HI
Hawaii,2004,21.6,23.6,23.4,25.3,HI
Hawaii,2005,21.2,23.6,23.3,25.2,HI
Hawaii,2006,20.8,23.1,23.0,24.8,HI
Hawaii,2007,21.0,23.1,23.0,24.6,HI
Hawaii,2008,20.9,22.9,22.8,24.3,HI
Hawaii,2009,20.2,23.2,22.8,25.0,HI
Hawaii,2010,21.1,23.0,22.8,24.1,HI
Hawaii,2011,21.5,22.9,22.9,24.2,HI
Hawaii,2012,21.0,22.7,22.7,24.1,HI
Idaho,1998,-6.0,5.4,6.4,20.3,ID
Idaho,1999,-4.2,5.5,6.1,18.2,ID
Idaho,2000,-5.1,6.7,6.2,19.0,ID
Idaho,2001,-6.2,5.4,6.4,19.9,ID
Idaho,2002,-5.6,4.8,5.8,20.4,ID
Idaho,2003,-3.4,6.8,7.1,21.2,ID
Idaho,2004,-6.0,6.7,6.4,18.9,ID
Idaho,2005,-5.8,6.1,6.1,19.3,ID
Idaho,2006,-4.7,5.7,6.4,21.1,ID
Idaho,2007,-7.1,5.8,6.7,22.1,ID
Idaho,2008,-7.6,4.4,5.5,19.1,ID
Idaho,2009,-7.6,4.1,5.7,18.7,ID
Idaho,2010,-3.9,5.4,5.9,17.8,ID
Idaho,2011,-5.2,4.6,5.4,18.8,ID
Idaho,2012,-4.0,6.4,7.0,20.2,ID
Illinois,1998,0.2,12.8,13.2,24.6,IL
Illinois,1999,-3.6,12.7,12.3,26.4,IL
Illinois,2000,-7.6,12.9,11.6,24.2,IL
Illinois,2001,-3.1,13.4,12.2,24.9,IL
Illinois,2002,0.4,11.8,12.1,26.2,IL
Illinois,2003,-4.8,12.4,11.3,24.7,IL
Illinois,2004,-3.9,12.9,11.8,23.2,IL
Illinois,2005,-2.9,13.3,12.4,25.1,IL
Illinois,2006,-0.4,12.6,12.6,25.6,IL
Illinois,2007,-5.4,13.0,12.4,26.2,IL
Illinois,2008,-3.1,11.8,10.8,24.1,IL
Illinois,2009,-6.1,10.7,11.1,22.9,IL
Illinois,2010,-5.3,14.5,12.0,25.8,IL
Illinois,2011,-4.8,12.6,12.1,27.1,IL
Illinois,2012,0.1,12.9,13.5,28.2,IL
Indiana,1998,1.7,12.6,13.2,23.9,IN
Indiana,1999,-2.5,12.4,12.3,26.3,IN
Indiana,2000,-6.7,12.6,11.4,23.0,IN
Indiana,2001,-2.6,13.2,12.3,24.0,IN
Indiana,2002,0.0,12.0,12.3,25.9,IN
Indiana,2003,-5.3,12.1,11.2,24.0,IN
Indiana,2004,-3.8,12.6,11.8,23.1,IN
Indiana,2005,-2.6,13.0,12.1,24.8,IN
Indiana,2006,0.0,12.3,12.4,24.9,IN
Indiana,2007,-6.2,13.1,12.4,25.7,IN
Indiana,2008,-2.0,12.0,11.1,23.8,IN
Indiana,2009,-5.6,10.9,11.2,22.7,IN
Indiana,2010,-4.3,14.1,12.0,25.5,IN
Indiana,2011,-4.3,12.3,12.2,26.8,IN
Indiana,2012,0.4,12.5,13.3,27.5,IN
Iowa,1998,-4.3,11.2,11.1,24.0,IA
Iowa,1999,-7.8,10.7,10.4,25.7,IA
Iowa,2000,-11.6,11.5,9.8,23.5,IA
Iowa,2001,-7.3,11.2,10.1,24.7,IA
Iowa,2002,-1.5,9.1,10.1,25.5,IA
Iowa,2003,-6.6,11.2,9.5,24.2,IA
Iowa,2004,-7.4,11.2,9.7,22.2,IA
Iowa,2005,-6.7,12.0,10.4,24.5,IA
Iowa,2006,-3.4,10.9,10.8,25.2,IA
Iowa,2007,-8.5,11.1,10.0,24.2,IA
Iowa,2008,-7.9,9.5,8.4,23.7,IA
Iowa,2009,-9.6,8.2,8.8,21.2,IA
Iowa,2010,-9.6,12.9,9.6,24.5,IA
Iowa,2011,-9.0,10.7,9.7,26.4,IA
Iowa,2012,-2.6,11.5,11.7,27.3,IA
Kansas,1998,0.5,13.0,13.8,26.9,KS
Kansas,1999,-0.0,12.9,13.6,27.4,KS
Kansas,2000,-4.2,13.8,13.3,28.7,KS
Kansas,2001,-0.8,14.1,13.5,28.8,KS
Kansas,2002,1.1,12.1,13.2,27.6,KS
Kansas,2003,-0.2,14.2,13.1,28.2,KS
Kansas,2004,-0.8,13.7,13.1,24.5,KS
Kansas,2005,-1.1,13.6,13.5,26.5,KS
Kansas,2006,1.5,14.2,14.1,27.8,KS
Kansas,2007,-2.7,13.3,13.1,27.9,KS
Kansas,2008,-1.2,11.8,12.3,26.4,KS
Kansas,2009,-3.0,10.4,12.3,24.8,KS
Kansas,2010,-2.6,14.9,13.2,27.1,KS
Kansas,2011,-2.5,13.7,13.2,29.9,KS
Kansas,2012,1.5,14.2,14.8,29.7,KS
Kentucky,1998,4.8,14.1,14.9,25.0,KY
Kentucky,1999,2.9,14.4,14.3,26.9,KY
Kentucky,2000,-2.9,14.1,13.5,24.3,KY
Kentucky,2001,-0.1,14.7,14.0,25.2,KY
Kentucky,2002,2.7,14.7,14.2,26.4,KY
Kentucky,2003,-1.9,14.3,13.3,25.0,KY
Kentucky,2004,0.3,14.6,13.9,24.1,KY
Kentucky,2005,0.8,14.4,14.1,26.1,KY
Kentucky,2006,2.3,14.3,14.1,25.7,KY
Kentucky,2007,-1.3,14.6,14.6,27.7,KY
Kentucky,2008,0.8,13.7,13.3,24.6,KY
Kentucky,2009,-1.0,12.9,13.3,23.9,KY
Kentucky,2010,-1.5,15.4,13.7,26.4,KY
Kentucky,2011,-1.0,14.3,14.2,27.1,KY
Kentucky,2012,3.7,14.5,15.0,27.6,KY
Louisiana,1998,12.1,19.9,20.6,29.9,LA
Louisiana,1999,10.9,20.6,20.3,29.6,LA
Louisiana,2000,6.8,19.4,19.9,29.4,LA
Louisiana,2001,7.8,19.9,19.6,28.4,LA
Louisiana,2002,10.0,21.2,19.7,28.3,LA
Louisiana,2003,7.9,20.0,19.5,28.4,LA
Louisiana,2004,9.8,21.3,19.9,27.8,LA
Louisiana,2005,9.9,19.5,20.1,29.0,LA
Louisiana,2006,10.8,21.2,20.2,29.1,LA
Louisiana,2007,9.9,19.5,20.0,29.3,LA
Louisiana,2008,9.3,19.3,19.6,28.6,LA
Louisiana,2009,9.2,19.3,19.7,28.4,LA
Louisiana,2010,7.4,20.3,19.5,29.8,LA
Louisiana,2011,8.4,20.4,20.2,30.7,LA
Louisiana,2012,13.1,20.5,20.8,28.3,LA
Maine,1998,-7.3,6.4,6.6,19.0,ME
Maine,1999,-9.3,5.3,6.7,19.9,ME
Maine,2000,-9.6,5.5,5.2,17.5,ME
Maine,2001,-9.6,6.0,6.1,19.6,ME
Maine,2002,-6.2,5.1,5.6,19.3,ME
Maine,2003,-12.4,4.7,4.9,19.0,ME
Maine,2004,-14.1,5.9,4.8,18.3,ME
Maine,2005,-11.3,6.8,5.7,19.3,ME
Maine,2006,-7.2,6.5,6.8,20.4,ME
Maine,2007,-11.1,6.4,5.1,18.3,ME
Maine,2008,-7.5,6.2,5.6,19.8,ME
Maine,2009,-13.1,5.5,5.2,19.1,ME
Maine,2010,-6.3,7.3,7.2,20.7,ME
Maine,2011,-8.8,6.5,6.2,19.8,ME
Maine,2012,-7.4,7.3,6.8,19.9,ME
Maryland,1998,4.8,13.5,14.2,24.4,MD
Maryland,1999,2.5,12.4,13.4,26.3,MD
Maryland,2000,-1.1,12.8,12.5,22.8,MD
Maryland,2001,0.4,13.1,13.2,24.7,MD
Maryland,2002,1.6,13.8,13.7,25.5,MD
Maryland,2003,-1.6,12.1,12.4,24.6,MD
Maryland,2004,-1.9,12.8,13.0,24.3,MD
Maryland,2005,1.2,13.4,13.0,25.5,MD
Maryland,2006,2.5,13.1,13.7,25.4,MD
Maryland,2007,-1.6,14.0,13.3,24.8,MD
Maryland,2008,2.2,12.9,13.1,24.6,MD
Maryland,2009,-1.2,12.8,12.7,24.8,MD
Maryland,2010,-0.5,14.2,13.4,26.2,MD
Maryland,2011,-1.0,13.5,13.8,26.4,MD
Maryland,2012,3.3,13.2,14.2,26.5,MD
Michigan,1998,-3.4,9.0,9.4,20.9,MI
Michigan,1999,-7.4,8.1,8.4,22.3,MI
Michigan,2000,-8.3,8.3,7.6,19.3,MI
Michigan,2001,-5.2,8.5,8.5,21.2,MI
Michigan,2002,-2.7,6.8,8.0,22.6,MI
Michigan,2003,-8.4,6.8,7.0,20.8,MI
Michigan,2004,-9.5,8.2,7.3,19.3,MI
Michigan,2005,-7.3,9.3,8.1,21.5,MI
Michigan,2006,-5.0,8.0,8.6,22.0,MI
Michigan,2007,-9.0,9.1,8.1,20.8,MI
Michigan,2008,-7.3,8.1,7.0,20.4,MI
Michigan,2009,-10.3,6.8,6.9,18.9,MI
Michigan,2010,-5.5,9.8,8.7,22.1,MI
Michigan,2011,-7.9,7.8,7.8,22.7,MI
Michigan,2012,-3.4,7.9,9.3,23.1,MI
Minnesota,1998,-9.7,8.6,7.4,20.9,MN
Minnesota,1999,-13.1,7.1,6.8,22.1,MN
Minnesota,2000,-16.0,7.4,5.7,20.6,MN
Minnesota,2001,-13.7,6.7,6.4,21.6,MN
Minnesota,2002,-7.5,4.1,5.8,22.7,MN
Minnesota,2003,-12.0,7.4,5.6,21.7,MN
Minnesota,2004,-14.7,7.3,5.4,19.6,MN
Minnesota,2005,-13.2,8.7,6.4,21.7,MN
Minnesota,2006,-10.5,7.5,7.1,23.2,MN
Minnesota,2007,-13.3,7.4,6.0,21.8,MN
Minnesota,2008,-13.7,6.0,4.4,20.6,MN
Minnesota,2009,-16.1,5.0,4.8,18.4,MN
Minnesota,2010,-12.5,9.7,6.3,21.7,MN
Minnesota,2011,-14.5,7.6,5.8,22.9,MN
Minnesota,2012,-8.3,6.8,7.6,23.8,MN
Mississippi,1998,9.7,18.7,19.3,28.8,MS
Mississippi,1999,9.0,19.3,18.8,28.7,MS
Mississippi,2000,4.1,17.9,18.4,29.1,MS
Mississippi,2001,5.4,18.3,18.2,27.9,MS
Mississippi,2002,8.3,19.9,18.4,27.9,MS
Mississippi,2003,5.2,18.5,17.9,27.7,MS
Mississippi,2004,7.8,19.5,18.3,27.1,MS
Mississippi,2005,7.3,17.9,18.5,28.4,MS
Mississippi,2006,8.1,19.4,18.8,29.0,MS
Mississippi,2007,8.1,18.3,18.9,29.7,MS
Mississippi,2008,6.8,17.7,18.0,28.0,MS
Mississippi,2009,7.3,17.6,18.1,27.4,MS
Mississippi,2010,5.2,19.0,18.1,29.4,MS
Mississippi,2011,6.1,18.4,18.6,29.0,MS
Mississippi,2012,10.9,19.1,19.3,28.4,MS
Missouri,1998,1.8,13.8,14.3,26.1,MO
Missouri,1999,-0.8,14.1,13.9,27.2,MO
Missouri,2000,-5.9,14.3,13.2,27.0,MO
Missouri,2001,-1.4,14.8,13.6,26.7,MO
Missouri,2002,1.9,13.2,13.4,26.8,MO
Missouri,2003,-2.4,14.2,12.9,26.6,MO
Missouri,2004,-1.2,14.3,13.1,24.1,MO
Missouri,2005,-0.6,14.1,13.8,26.2,MO
Missouri,2006,1.3,14.4,14.1,26.7,MO
Missouri,2007,-1.7,13.9,13.8,28.0,MO
Missouri,2008,-0.7,12.5,12.3,25.4,MO
Missouri,2009,-2.4,11.5,12.6,24.2,MO
Missouri,2010,-3.7,15.5,13.3,26.8,MO
Missouri,2011,-2.9,14.2,13.5,28.7,MO
Missouri,2012,2.4,14.9,15.1,29.3,MO
Montana,1998,-7.4,6.7,6.7,20.8,MT
Montana,1999,-5.6,5.9,6.8,19.3,MT
Montana,2000,-9.1,6.4,5.8,20.4,MT
Montana,2001,-8.7,5.6,6.6,20.7,MT
Montana,2002,-6.8,2.9,5.3,21.1,MT
Montana,2003,-6.1,7.7,6.4,21.5,MT
Montana,2004,-8.4,6.6,6.1,19.1,MT
Montana,2005,-7.9,6.7,6.2,19.9,MT
Montana,2006,-5.1,5.9,6.9,22.0,MT
Montana,2007,-6.0,6.0,6.7,23.1,MT
Montana,2008,-10.1,4.9,5.3,19.4,MT
Montana,2009,-11.2,3.4,5.1,18.2,MT
Montana,2010,-7.1,6.8,5.4,18.1,MT
Montana,2011,-8.7,5.4,5.4,19.5,MT
Montana,2012,-5.9,6.0,7.0,21.6,MT
Nebraska,1998,-3.0,10.0,10.6,24.5,NE
Nebraska,1999,-3.2,9.7,10.8,24.9,NE
Nebraska,2000,-7.4,10.6,10.2,25.0,NE
Nebraska,2001,-5.6,10.6,10.4,25.5,NE
Nebraska,2002,-1.4,8.5,10.3,26.4,NE
Nebraska,2003,-3.8,11.6,10.2,25.3,NE
Nebraska,2004,-4.4,10.9,10.2,22.7,NE
Nebraska,2005,-4.8,10.6,10.7,25.0,NE
Nebraska,2006,-2.2,10.5,10.9,25.9,NE
Nebraska,2007,-5.6,10.2,10.3,25.2,NE
Nebraska,2008,-5.8,8.8,9.0,24.4,NE
Nebraska,2009,-7.2,6.9,8.9,21.8,NE
Nebraska,2010,-5.5,11.8,9.9,24.4,NE
Nebraska,2011,-6.4,10.2,9.6,26.0,NE
Nebraska,2012,-2.3,11.3,11.8,27.3,NE
Nevada,1998,-1.4,7.8,9.6,23.4,NV
Nevada,1999,-0.1,9.5,10.3,22.1,NV
Nevada,2000,0.9,10.4,10.8,22.7,NV
Nevada,2001,-1.7,10.1,10.9,23.6,NV
Nevada,2002,-1.1,9.7,10.5,24.8,NV
Nevada,2003,0.4,10.3,11.3,25.2,NV
Nevada,2004,-1.4,9.8,10.5,23.4,NV
Nevada,2005,-0.1,9.3,10.4,24.6,NV
Nevada,2006,-0.9,9.2,10.5,24.8,NV
Nevada,2007,-2.9,9.7,10.8,25.1,NV
Nevada,2008,-2.9,9.2,10.2,23.7,NV
Nevada,2009,-3.7,8.3,10.2,23.6,NV
Nevada,2010,-0.0,8.4,10.0,23.6,NV
Nevada,2011,-1.1,8.9,9.8,22.8,NV
Nevada,2012,-0.6,10.9,11.3,23.7,NV
New Jersey,1998,3.2,12.1,12.8,23.5,NJ
New Jersey,1999,0.2,11.0,12.2,25.6,NJ
New Jersey,2000,-2.0,11.1,11.1,21.7,NJ
New Jersey,2001,-1.3,11.8,11.9,24.1,NJ
New Jersey,2002,0.5,12.1,12.4,24.6,NJ
New Jersey,2003,-3.5,10.3,10.9,23.8,NJ
New Jersey,2004,-4.5,11.4,11.5,22.9,NJ
New Jersey,2005,-1.7,12.1,11.6,24.6,NJ
New Jersey,2006,0.8,11.8,12.5,24.7,NJ
New Jersey,2007,-3.2,12.6,11.7,23.1,NJ
New Jersey,2008,0.8,11.6,11.8,24.2,NJ
New Jersey,2009,-3.4,11.4,11.3,23.7,NJ
New Jersey,2010,-1.2,12.9,12.3,25.4,NJ
New Jersey,2011,-2.9,12.3,12.4,25.3,NJ
New Jersey,2012,1.6,12.3,13.0,25.3,NJ
New Mexico,1998,2.6,11.2,12.6,24.0,NM
New Mexico,1999,1.2,11.6,12.6,22.9,NM
New Mexico,2000,1.6,12.7,13.1,24.0,NM
New Mexico,2001,-0.2,13.2,12.7,24.3,NM
New Mexico,2002,1.3,13.0,12.6,23.6,NM
New Mexico,2003,2.6,13.4,13.2,25.2,NM
New Mexico,2004,1.8,11.7,12.2,22.8,NM
New Mexico,2005,2.5,12.0,12.8,24.3,NM
New Mexico,2006,1.2,12.9,12.8,24.0,NM
New Mexico,2007,-0.8,12.3,12.5,23.5,NM
New Mexico,2008,0.2,11.9,12.2,22.6,NM
New Mexico,2009,-0.4,11.3,12.5,24.1,NM
New Mexico,2010,0.8,12.7,12.5,23.3,NM
New Mexico,2011,-0.5,13.1,12.7,25.0,NM
New Mexico,2012,2.0,13.6,13.5,23.9,NM
New York,1998,-2.2,9.2,9.7,20.9,NY
New York,1999,-5.8,8.0,8.9,22.7,NY
New York,2000,-6.5,8.0,7.7,19.4,NY
New York,2001,-4.9,9.0,8.9,22.0,NY
New York,2002,-3.4,8.3,8.9,22.0,NY
New York,2003,-9.0,7.0,7.6,21.5,NY
New York,2004,-10.1,8.4,7.9,20.4,NY
New York,2005,-7.0,9.2,8.5,22.5,NY
New York,2006,-3.5,8.3,9.3,22.5,NY
New York,2007,-8.2,9.4,8.2,20.7,NY
New York,2008,-4.2,9.0,8.3,21.4,NY
New York,2009,-8.8,8.2,7.9,20.8,NY
New York,2010,-5.0,9.8,9.1,22.7,NY
New York,2011,-6.9,9.0,9.0,22.7,NY
New York,2012,-2.9,9.0,9.9,22.6,NY
North Carolina,1998,7.2,15.7,16.4,26.2,NC
North Carolina,1999,6.8,15.6,15.8,26.4,NC
North Carolina,2000,2.1,15.0,15.1,24.6,NC
North Carolina,2001,4.3,15.2,15.6,25.3,NC
North Carolina,2002,5.1,17.2,16.0,26.5,NC
North Carolina,2003,2.7,15.0,15.3,25.7,NC
North Carolina,2004,3.5,16.0,15.6,25.6,NC
North Carolina,2005,4.8,15.7,15.7,26.7,NC
North Carolina,2006,5.8,15.7,15.9,26.2,NC
North Carolina,2007,4.2,16.6,16.2,27.4,NC
North Carolina,2008,4.7,14.9,15.5,25.4,NC
North Carolina,2009,4.0,15.2,15.3,25.5,NC
North Carolina,2010,1.2,16.4,15.4,26.7,NC
North Carolina,2011,2.7,15.8,16.1,27.0,NC
North Carolina,2012,6.9,15.5,16.3,27.3,NC
North Dakota,1998,-11.8,8.0,6.5,21.9,ND
North Dakota,1999,-13.6,6.3,6.4,21.0,ND
North Dakota,2000,-16.1,6.9,5.4,21.4,ND
North Dakota,2001,-14.6,6.0,6.0,21.7,ND
North Dakota,2002,-8.4,2.8,5.4,22.8,ND
North Dakota,2003,-12.6,8.2,5.3,22.9,ND
North Dakota,2004,-15.4,6.8,5.1,20.1,ND
North Dakota,2005,-14.1,8.0,6.1,21.5,ND
North Dakota,2006,-9.1,7.0,6.9,23.7,ND
North Dakota,2007,-13.3,6.6,5.8,23.3,ND
North Dakota,2008,-14.8,5.8,4.4,21.1,ND
North Dakota,2009,-14.7,3.9,4.0,18.6,ND
North Dakota,2010,-12.3,8.8,5.3,21.0,ND
North Dakota,2011,-14.1,6.7,5.2,22.3,ND
North Dakota,2012,-10.3,6.6,7.1,23.8,ND
Ohio,1998,2.1,11.7,12.6,23.2,OH
Ohio,1999,-1.8,11.8,11.7,25.6,OH
Ohio,2000,-5.5,11.8,10.9,21.8,OH
Ohio,2001,-2.3,12.4,11.7,23.4,OH
Ohio,2002,-0.5,11.6,11.8,25.0,OH
Ohio,2003,-5.5,11.2,10.6,23.2,OH
Ohio,2004,-4.5,11.6,11.2,22.7,OH
Ohio,2005,-2.4,12.0,11.4,24.6,OH
Ohio,2006,-0.1,11.6,11.9,24.1,OH
Ohio,2007,-6.6,12.5,11.6,24.4,OH
Ohio,2008,-1.7,11.6,10.8,23.2,OH
Ohio,2009,-5.9,10.6,10.7,22.3,OH
Ohio,2010,-3.7,13.0,11.4,24.8,OH
Ohio,2011,-4.4,11.6,11.7,25.9,OH
Ohio,2012,0.3,11.5,12.6,25.9,OH
Oklahoma,1998,4.9,16.0,17.1,30.3,OK
Oklahoma,1999,4.5,16.3,16.7,29.0,OK
Oklahoma,2000,-0.3,16.5,16.1,30.2,OK
Oklahoma,2001,2.3,17.0,16.4,30.3,OK
Oklahoma,2002,4.8,15.4,15.7,27.9,OK
Oklahoma,2003,3.1,16.9,15.9,29.1,OK
Oklahoma,2004,4.2,16.8,16.0,26.2,OK
Oklahoma,2005,3.7,16.3,16.4,27.4,OK
Oklahoma,2006,5.2,17.6,17.1,29.3,OK
Oklahoma,2007,1.9,16.4,15.9,28.7,OK
Oklahoma,2008,3.6,15.2,15.6,28.0,OK
Oklahoma,2009,1.6,14.0,15.6,27.5,OK
Oklahoma,2010,1.9,16.9,16.1,29.3,OK
Oklahoma,2011,1.9,17.1,16.9,32.2,OK
Oklahoma,2012,5.9,16.9,17.7,30.4,OK
Oregon,1998,-1.0,7.6,8.9,20.4,OR
Oregon,1999,1.0,7.9,8.5,18.1,OR
Oregon,2000,0.2,8.8,8.7,18.4,OR
Oregon,2001,-0.0,7.6,8.9,19.6,OR
Oregon,2002,-0.0,7.7,8.8,20.3,OR
Oregon,2003,1.2,8.4,9.6,21.0,OR
Oregon,2004,0.0,8.9,9.3,19.8,OR
Oregon,2005,-0.1,8.2,8.8,19.7,OR
Oregon,2006,0.4,7.9,9.0,20.7,OR
Oregon,2007,-1.1,7.6,8.9,21.0,OR
Oregon,2008,-1.9,7.6,8.3,19.1,OR
Oregon,2009,-2.0,6.9,8.6,19.9,OR
Oregon,2010,0.9,7.2,8.6,18.5,OR
Oregon,2011,0.3,6.5,8.1,19.0,OR
Oregon,2012,0.1,8.6,9.0,19.7,OR
Pennsylvania,1998,1.4,10.8,11.5,22.0,PA
Pennsylvania,1999,-2.5,9.9,10.5,24.1,PA
Pennsylvania,2000,-4.9,10.2,9.7,20.4,PA
Pennsylvania,2001,-2.9,10.7,10.5,22.8,PA
Pennsylvania,2002,-1.8,10.3,10.7,23.3,PA
Pennsylvania,2003,-5.9,9.3,9.4,22.4,PA
Pennsylvania,2004,-6.3,10.1,10.0,21.5,PA
Pennsylvania,2005,-3.0,10.9,10.2,23.5,PA
Pennsylvania,2006,-1.0,10.2,10.9,23.3,PA
Pennsylvania,2007,-6.2,11.1,10.2,22.2,PA
Pennsylvania,2008,-2.0,10.4,9.9,22.4,PA
Pennsylvania,2009,-6.1,9.8,9.7,21.9,PA
Pennsylvania,2010,-3.3,11.5,10.6,23.7,PA
Pennsylvania,2011,-4.9,10.5,10.7,24.2,PA
Pennsylvania,2012,-0.6,10.3,11.5,24.1,PA
South Carolina,1998,9.4,18.0,18.6,28.3,SC
South Carolina,1999,8.8,18.2,18.0,28.2,SC
South Carolina,2000,4.3,16.8,17.3,27.1,SC
South Carolina,2001,6.7,17.3,17.9,27.1,SC
South Carolina,2002,7.4,19.8,18.1,28.1,SC
South Carolina,2003,5.8,17.2,17.4,26.9,SC
South Carolina,2004,6.6,18.3,17.8,27.3,SC
South Carolina,2005,7.3,17.5,17.7,27.9,SC
South Carolina,2006,8.4,18.0,18.0,27.7,SC
South Carolina,2007,7.7,18.5,18.4,29.2,SC
South Carolina,2008,7.1,16.8,17.7,27.2,SC
South Carolina,2009,7.2,17.2,17.5,26.9,SC
South Carolina,2010,4.0,18.4,17.4,28.3,SC
South Carolina,2011,5.2,17.7,18.3,28.5,SC
South Carolina,2012,9.6,18.2,18.6,28.6,SC
South Dakota,1998,-6.8,9.0,8.9,23.5,SD
South Dakota,1999,-7.8,8.2,9.1,23.4,SD
South Dakota,2000,-11.6,8.9,8.1,23.4,SD
South Dakota,2001,-10.6,8.5,8.4,24.1,SD
South Dakota,2002,-5.1,5.8,8.3,25.6,SD
South Dakota,2003,-7.2,10.1,8.2,24.3,SD
South Dakota,2004,-8.6,9.3,8.3,22.1,SD
South Dakota,2005,-8.4,9.5,8.8,24.0,SD
South Dakota,2006,-4.9,8.8,9.3,26.1,SD
South Dakota,2007,-9.0,8.4,8.6,25.1,SD
South Dakota,2008,-9.7,7.3,7.0,23.1,SD
South Dakota,2009,-9.9,5.3,6.8,20.5,SD
South Dakota,2010,-9.2,10.5,7.7,23.5,SD
South Dakota,2011,-10.2,8.7,7.5,24.8,SD
South Dakota,2012,-5.6,9.4,9.9,26.4,SD
Tennessee,1998,6.1,15.3,15.9,26.0,TN
Tennessee,1999,5.4,15.6,15.4,26.7,TN
Tennessee,2000,-0.7,14.8,14.7,25.5,TN
Tennessee,2001,1.5,15.2,14.9,25.4,TN
Tennessee,2002,4.2,16.2,15.1,26.4,TN
Tennessee,2003,0.2,15.1,14.4,25.5,TN
Tennessee,2004,2.8,15.7,14.9,24.7,TN
Tennessee,2005,2.5,15.0,15.1,26.4,TN
Tennessee,2006,3.6,15.5,15.2,26.5,TN
Tennessee,2007,2.1,15.6,15.7,28.5,TN
Tennessee,2008,2.3,14.4,14.5,25.3,TN
Tennessee,2009,1.7,13.9,14.4,24.7,TN
Tennessee,2010,0.4,15.9,14.7,27.0,TN
Tennessee,2011,1.2,15.2,15.2,27.1,TN
Tennessee,2012,5.8,15.7,16.0,27.4,TN
Texas,1998,9.0,18.9,19.6,30.5,TX
Texas,1999,9.2,19.2,19.4,29.4,TX
Texas,2000,5.7,19.2,19.2,29.3,TX
Texas,2001,6.5,19.3,18.8,29.7,TX
Texas,2002,8.5,19.5,18.5,28.6,TX
Texas,2003,7.8,19.5,18.8,28.6,TX
Texas,2004,8.5,19.5,18.6,27.4,TX
Texas,2005,8.4,18.6,19.0,28.3,TX
Texas,2006,8.9,20.4,19.6,28.9,TX
Texas,2007,5.7,18.5,18.3,28.0,TX
Texas,2008,7.7,18.6,18.7,28.5,TX
Texas,2009,6.1,18.1,18.8,29.2,TX
Texas,2010,6.6,19.1,18.5,29.4,TX
Texas,2011,7.1,20.4,19.7,31.4,TX
Texas,2012,10.1,20.0,19.9,28.9,TX
Utah,1998,-3.0,7.3,8.7,22.8,UT
Utah,1999,-2.2,8.2,9.2,21.7,UT
Utah,2000,-1.5,9.7,9.8,23.0,UT
Utah,2001,-4.3,9.5,9.7,22.3,UT
Utah,2002,-3.8,8.8,9.1,24.2,UT
Utah,2003,-1.3,9.9,10.0,24.7,UT
Utah,2004,-4.5,8.9,9.0,21.9,UT
Utah,2005,-2.0,8.7,9.3,23.4,UT
Utah,2006,-2.6,8.5,9.2,23.6,UT
Utah,2007,-5.5,9.0,9.7,24.3,UT
Utah,2008,-5.7,7.9,8.6,23.0,UT
Utah,2009,-6.0,7.1,8.8,22.6,UT
Utah,2010,-3.1,8.4,8.8,22.5,UT
Utah,2011,-3.8,8.0,8.4,22.4,UT
Utah,2012,-2.6,9.8,10.2,22.7,UT
Vermont,1998,-5.4,7.6,7.9,19.6,VT
Vermont,1999,-7.8,6.2,7.4,21.1,VT
Vermont,2000,-8.9,6.3,6.0,17.9,VT
Vermont,2001,-7.6,7.0,7.1,20.6,VT
Vermont,2002,-5.4,6.6,7.0,20.1,VT
Vermont,2003,-11.6,5.4,5.9,20.2,VT
Vermont,2004,-13.0,6.7,6.0,19.3,VT
Vermont,2005,-9.4,7.8,6.8,20.8,VT
Vermont,2006,-5.8,6.9,7.7,21.4,VT
Vermont,2007,-10.1,7.5,6.2,18.9,VT
Vermont,2008,-6.1,7.2,6.6,20.3,VT
Vermont,2009,-11.2,6.6,6.2,19.6,VT
Vermont,2010,-6.4,8.1,7.8,21.7,VT
Vermont,2011,-8.6,7.4,7.3,21.1,VT
Vermont,2012,-5.6,8.2,8.2,20.9,VT
Virginia,1998,5.2,14.0,14.6,24.7,VA
Virginia,1999,4.2,13.4,14.0,25.9,VA
Virginia,2000,-0.7,13.5,13.2,23.2,VA
Virginia,2001,1.6,13.7,13.7,24.5,VA
Virginia,2002,2.5,14.7,14.2,25.5,VA
Virginia,2003,-0.3,13.2,13.2,24.7,VA
Virginia,2004,0.2,13.9,13.7,24.3,VA
Virginia,2005,1.9,14.0,13.7,25.6,VA
Virginia,2006,3.3,13.8,14.1,25.2,VA
Virginia,2007,-0.0,14.7,14.2,25.9,VA
Virginia,2008,2.4,13.3,13.6,24.3,VA
Virginia,2009,0.4,13.3,13.3,24.5,VA
Virginia,2010,-0.8,14.9,13.7,26.0,VA
Virginia,2011,0.2,14.1,14.3,26.1,VA
Virginia,2012,4.1,13.5,14.6,26.5,VA
Washington,1998,-1.2,7.9,9.1,20.4,WA
Washington,1999,0.9,7.3,8.2,18.5,WA
Washington,2000,-1.5,8.4,7.9,17.6,WA
Washington,2001,-0.3,7.1,8.3,18.8,WA
Washington,2002,0.2,7.2,8.3,19.0,WA
Washington,2003,-0.2,8.7,9.0,19.9,WA
Washington,2004,-1.4,9.1,9.1,19.7,WA
Washington,2005,-1.5,8.5,8.5,18.7,WA
Washington,2006,-0.8,8.0,8.7,19.8,WA
Washington,2007,-2.1,7.4,8.3,20.2,WA
Washington,2008,-3.2,6.5,7.7,18.1,WA
Washington,2009,-3.0,6.8,8.0,19.8,WA
Washington,2010,-0.1,8.1,8.4,18.0,WA
Washington,2011,-0.6,6.6,7.6,18.4,WA
Washington,2012,-0.8,8.2,8.5,19.1,WA
West Virginia,1998,3.4,12.2,12.9,22.8,WV
West Virginia,1999,1.4,12.1,12.2,25.0,WV
West Virginia,2000,-3.3,12.0,11.5,21.7,WV
West Virginia,2001,-1.1,12.3,12.0,23.2,WV
West Virginia,2002,0.6,12.7,12.4,24.1,WV
West Virginia,2003,-3.2,11.8,11.4,23.2,WV
West Virginia,2004,-2.3,12.2,11.9,22.5,WV
West Virginia,2005,-0.7,12.5,12.0,24.2,WV
West Virginia,2006,0.9,12.1,12.2,23.6,WV
West Virginia,2007,-4.0,12.8,12.3,24.5,WV
West Virginia,2008,-0.2,11.9,11.5,22.5,WV
West Virginia,2009,-2.6,11.2,11.4,22.6,WV
West Virginia,2010,-3.1,13.1,11.7,24.2,WV
West Virginia,2011,-2.4,12.3,12.4,24.8,WV
West Virginia,2012,1.8,11.8,12.9,25.0,WV
Wisconsin,1998,-6.0,9.2,8.9,21.1,WI
Wisconsin,1999,-10.5,8.2,7.8,22.8,WI
Wisconsin,2000,-12.3,8.5,7.0,20.2,WI
Wisconsin,2001,-9.1,8.4,7.8,21.4,WI
Wisconsin,2002,-4.0,6.2,7.4,23.0,WI
Wisconsin,2003,-9.7,7.4,6.6,21.6,WI
Wisconsin,2004,-11.3,8.3,6.8,19.7,WI
Wisconsin,2005,-9.4,9.5,7.7,21.8,WI
Wisconsin,2006,-7.2,8.1,8.2,23.0,WI
Wisconsin,2007,-11.0,9.0,7.5,21.1,WI
Wisconsin,2008,-10.0,7.5,5.9,20.9,WI
Wisconsin,2009,-13.7,6.2,6.2,18.7,WI
Wisconsin,2010,-9.0,10.1,7.9,22.2,WI
Wisconsin,2011,-10.5,7.9,7.2,23.2,WI
Wisconsin,2012,-5.7,7.7,9.0,24.2,WI
Wyoming,1998,-5.9,5.2,6.0,20.2,WY
Wyoming,1999,-4.0,5.7,6.4,19.1,WY
Wyoming,2000,-7.0,6.1,6.1,20.2,WY
Wyoming,2001,-6.4,5.7,6.4,20.5,WY
Wyoming,2002,-6.3,3.8,5.4,21.2,WY
Wyoming,2003,-6.2,7.2,6.4,21.4,WY
Wyoming,2004,-5.8,6.1,6.0,18.3,WY
Wyoming,2005,-6.1,6.0,6.2,20.2,WY
Wyoming,2006,-5.7,5.7,6.4,21.4,WY
Wyoming,2007,-8.3,5.8,6.5,21.7,WY
Wyoming,2008,-8.6,4.2,5.1,19.7,WY
Wyoming,2009,-9.6,2.8,5.2,17.8,WY
Wyoming,2010,-5.7,5.6,5.8,18.7,WY
Wyoming,2011,-7.5,5.0,5.3,19.9,WY
Wyoming,2012,-5.4,6.3,7.3,21.4,WY
